City_ID,City,Cloudiness,Country,Date,Humidity,Lat,Lng,Max Temp,Wind Speed
0,busselton,0,AU,1566356075,35,-33.64,115.35,70.0,23.44
1,kauhajoki,0,FI,1566356075,100,62.43,22.18,54.0,5.82
2,rikitea,0,PF,1566356075,78,-23.12,-134.97,72.44,6.55
3,alofi,40,NU,1566356075,74,-19.06,-169.92,82.4,6.93
4,tres pontas,0,BR,1566356076,93,-21.37,-45.51,60.2,2.91
5,bredasdorp,0,ZA,1566356076,93,-34.53,20.04,55.0,4.7
6,hilo,90,US,1566356076,74,19.71,-155.08,82.4,5.82
7,cherskiy,56,RU,1566356076,41,68.75,161.3,70.28,9.95
8,misratah,0,LY,1566356076,71,32.38,15.09,79.82,9.91
9,rio branco,0,BR,1566356076,100,-9.98,-67.82,75.2,4.7
10,ushuaia,0,AR,1566355811,65,-54.81,-68.31,41.0,5.68
11,kapaa,75,US,1566355964,62,22.08,-159.32,87.8,13.87
12,constitucion,75,MX,1566356077,31,23.99,-104.67,75.2,3.36
13,sines,33,PT,1566356077,92,37.96,-8.87,61.0,1.01
14,krasnokamensk,99,RU,1566356077,87,50.1,118.04,58.04,11.81
15,mataura,14,NZ,1566356078,63,-46.19,168.86,55.0,3.0
16,bambous virieux,75,MU,1566356078,78,-20.34,57.76,71.6,18.34
17,touros,40,BR,1566356078,83,-5.2,-35.46,71.6,3.36
18,shingu,75,JP,1566356078,84,33.72,135.99,86.0,3.36
19,puerto ayora,40,EC,1566356078,93,-0.74,-90.35,66.99,4.0
20,salalah,90,OM,1566356079,94,17.01,54.1,77.0,3.36
21,cabo san lucas,5,MX,1566356048,58,22.89,-109.91,89.6,4.7
22,punta arenas,20,CL,1566356079,86,-53.16,-70.91,37.4,11.41
23,mahenge,68,TZ,1566356079,56,-8.68,36.72,66.5,1.39
24,jamestown,100,AU,1566356079,91,-33.21,138.6,51.56,11.54
25,sambava,94,MG,1566356051,95,-14.27,50.17,65.42,3.13
26,ribeira grande,29,PT,1566356080,89,38.52,-28.7,72.62,7.29
27,peleduy,53,RU,1566356080,58,59.63,112.75,65.24,2.26
28,luanda,75,AO,1566355955,94,-8.83,13.24,69.8,4.7
29,buchanan,75,LR,1566356080,94,5.88,-10.05,77.0,10.29
30,port blair,75,IN,1566356080,83,11.67,92.75,82.4,9.17
31,port alfred,0,ZA,1566356080,88,-33.59,26.89,57.0,4.0
32,atuona,33,PF,1566356081,73,-9.8,-139.03,80.9,22.41
33,yabrud,0,SY,1566356081,82,33.97,36.66,68.0,11.41
34,boende,96,CD,1566356081,97,-0.28,20.88,72.08,1.88
35,hithadhoo,100,MV,1566356081,74,-0.6,73.08,82.52,10.92
36,tiksi,100,RU,1566356081,96,71.64,128.87,44.36,4.43
37,hermanus,0,ZA,1566356082,87,-34.42,19.24,55.0,15.01
38,cidreira,100,BR,1566356082,90,-30.17,-50.22,47.96,4.88
39,saint-philippe,1,CA,1566356082,93,45.36,-73.48,72.0,5.14
40,esperance,0,AU,1566356082,48,-33.86,121.89,62.6,17.22
41,bose,75,IT,1566356082,83,45.46,8.01,69.8,3.36
42,airai,0,TL,1566356082,43,-8.93,125.41,84.5,2.39
43,upernavik,100,GL,1566356083,89,72.79,-56.15,42.38,10.67
44,marataizes,94,BR,1566356083,96,-21.04,-40.82,68.3,2.19
45,aklavik,75,CA,1566356083,57,68.22,-135.01,50.0,8.05
46,cayenne,0,GF,1566356083,94,4.94,-52.33,75.2,4.9
47,ponta do sol,0,BR,1566356083,83,-20.63,-46.0,62.0,1.3
48,rochelle,1,US,1566356084,100,41.92,-89.07,70.0,1.39
49,cape town,0,ZA,1566355912,93,-33.93,18.42,54.0,2.24
50,geraldton,5,CA,1566356084,100,49.72,-86.95,55.4,5.82
51,fortuna,1,US,1566356084,68,40.6,-124.16,64.99,8.05
52,castro,90,CL,1566356084,100,-42.48,-73.76,44.6,10.29
53,lovozero,0,RU,1566356085,86,68.01,35.02,52.1,4.21
54,tasiilaq,0,GL,1566356085,80,65.61,-37.64,39.2,2.24
55,yellowknife,75,CA,1566356085,71,62.45,-114.38,53.01,5.82
56,saldanha,100,PT,1566356085,61,41.42,-6.55,61.1,4.88
57,hay river,90,CA,1566356085,55,60.82,-115.79,62.6,13.87
58,garissa,96,KE,1566356086,75,-0.46,39.64,73.16,17.29
59,murwara,100,IN,1566356086,92,23.85,80.4,75.68,5.44
60,butaritari,100,KI,1566356086,70,3.07,172.79,85.58,10.6
61,baft,0,IR,1566356086,15,29.23,56.61,58.22,5.7
62,jos,100,NG,1566356086,98,9.92,8.9,67.4,2.82
63,vaini,40,IN,1566356087,88,15.34,74.49,73.4,4.7
64,toora-khem,100,RU,1566356087,74,52.47,96.11,54.62,4.97
65,daru,98,PG,1566356087,78,-9.07,143.21,76.76,9.98
66,rocha,58,UY,1566356087,87,-34.48,-54.34,35.36,3.78
67,kodiak,1,US,1566356087,88,39.95,-94.76,82.0,3.36
68,sampit,1,ID,1566356088,53,-2.54,112.95,87.74,5.1
69,cananeia,92,BR,1566355898,91,-25.01,-47.93,56.96,3.98
70,ossora,100,RU,1566356088,86,59.24,163.07,53.72,5.01
71,lebu,75,ET,1566356088,82,8.96,38.73,57.2,5.82
72,ostrovnoy,0,RU,1566356088,79,68.05,39.51,54.08,13.15
73,jhusi,100,IN,1566356089,76,25.43,81.91,84.14,5.68
74,takoradi,83,GH,1566356089,93,4.89,-1.75,73.16,4.23
75,nizhniy kuranakh,48,RU,1566356089,55,58.84,125.49,67.58,7.85
76,dubbo,40,AU,1566356089,44,-32.25,148.6,60.8,18.34
77,mazagao,0,BR,1566356089,100,-0.12,-51.29,82.4,10.29
78,vila franca do campo,75,PT,1566356090,94,37.72,-25.43,71.6,4.7
79,tezu,97,IN,1566356090,81,27.93,96.16,81.08,2.21
80,tabou,100,CI,1566356090,92,4.42,-7.36,73.34,5.95
81,saint george,0,GR,1566356090,63,39.45,22.34,64.4,3.36
82,dubrovnik,0,HR,1566355897,88,42.65,18.09,78.8,2.24
83,kihei,40,US,1566355878,62,20.76,-156.45,86.0,23.04
84,georgetown,40,GY,1566355969,94,6.8,-58.16,77.0,2.24
85,batagay-alyta,100,RU,1566356091,74,67.8,130.41,52.82,2.37
86,dingle,100,PH,1566356091,78,11.0,122.67,80.9,2.35
87,albany,1,US,1566355983,78,42.65,-73.75,71.6,1.77
88,cortland,1,US,1566355859,78,42.6,-76.18,73.99,5.68
89,nikolskoye,61,RU,1566356091,93,59.7,30.79,57.99,2.24
90,moindou,0,NC,1566356091,46,-21.69,165.68,73.4,12.75
91,arraial do cabo,100,BR,1566356091,90,-22.97,-42.02,67.4,16.51
92,hobart,20,AU,1566356040,57,-42.88,147.33,50.0,23.04
93,belmonte,100,PT,1566356092,49,40.36,-7.35,68.0,5.82
94,cap malheureux,75,MU,1566356092,78,-19.98,57.61,71.6,18.34
95,victoria,75,BN,1566355794,74,5.28,115.24,86.0,2.24
96,makakilo city,20,US,1566356092,49,21.35,-158.09,89.6,6.93
97,palmerston north,97,NZ,1566356093,68,-40.35,175.62,55.0,8.99
98,paamiut,100,GL,1566356093,94,61.99,-49.67,39.14,5.82
99,guapi,70,CO,1566356093,92,2.57,-77.89,73.88,2.1
100,cockburn town,31,TC,1566356053,78,21.46,-71.14,83.6,19.24
101,khatanga,100,RU,1566356093,68,71.98,102.47,54.26,10.2
102,luoyang,98,CN,1566356093,76,34.66,112.42,74.78,1.57
103,nara,75,JP,1566356094,79,34.68,135.8,93.99,10.29
104,severo-kurilsk,100,RU,1566356094,92,50.68,156.12,49.4,8.16
105,naze,100,NG,1566356094,94,5.43,7.07,73.16,3.4
106,temascalapa,40,MX,1566356094,55,19.83,-98.9,64.4,11.41
107,te anau,100,NZ,1566356094,93,-45.41,167.72,40.76,5.12
108,lagoa,0,PT,1566356095,82,37.14,-8.45,71.01,4.7
109,sisimiut,55,GL,1566356095,89,66.94,-53.67,42.56,18.05
110,mecca,0,SA,1566356066,46,21.43,39.83,83.06,7.83
111,isangel,40,VU,1566356095,61,-19.55,169.27,77.0,17.22
112,kalmunai,100,LK,1566356096,59,7.42,81.82,84.86,3.76
113,santiago del estero,0,AR,1566356096,46,-27.8,-64.26,49.22,5.77
114,katsuura,75,JP,1566356096,74,33.93,134.5,86.0,5.82
115,auki,98,NG,1566356096,93,12.18,6.51,70.82,5.75
116,lompoc,1,US,1566356096,87,34.64,-120.46,68.0,5.82
117,dixon,1,US,1566355865,100,41.84,-89.48,71.6,1.39
118,hirosaki,75,JP,1566356097,78,40.61,140.38,79.0,6.93
119,wawa,99,NG,1566356097,97,9.9,4.41,71.72,3.15
120,billings,75,US,1566356097,39,45.79,-108.5,80.6,12.75
121,lazaro cardenas,20,MX,1566355897,33,28.39,-105.62,86.0,6.93
122,sur,0,OM,1566356097,62,22.57,59.53,79.64,9.82
123,impfondo,99,CD,1566356097,96,1.62,18.06,70.28,1.25
124,narsaq,0,GL,1566356097,75,60.91,-46.05,46.4,3.36
125,barrow,92,AR,1566356098,74,-38.31,-60.23,36.62,7.25
126,aripuana,34,BR,1566355957,78,-9.17,-60.63,70.82,1.43
127,escanaba,90,US,1566356098,100,45.75,-87.06,69.8,1.92
128,imperia,0,IT,1566356098,60,43.88,8.02,75.2,8.05
129,hofn,100,IS,1566356098,99,64.25,-15.21,35.72,7.07
130,tuatapere,60,NZ,1566356099,63,-46.13,167.69,55.0,3.0
131,new norfolk,20,AU,1566356099,57,-42.78,147.06,50.0,23.04
132,norman wells,40,CA,1566356099,41,65.28,-126.83,59.0,13.87
133,manyana,0,AU,1566356099,37,-35.26,150.51,68.0,27.51
134,dikson,0,RU,1566356099,88,73.51,80.55,44.54,6.89
135,port lincoln,100,AU,1566356100,82,-34.72,135.86,57.14,14.54
136,charters towers,0,AU,1566356100,23,-20.07,146.27,72.44,13.35
137,harper,1,US,1566356100,45,30.3,-99.24,84.99,10.13
138,buala,100,SB,1566356100,81,-8.15,159.59,80.9,15.41
139,yar-sale,0,RU,1566356100,65,66.83,70.83,55.16,3.8
140,sao joao da barra,75,BR,1566356101,97,-21.64,-41.05,67.94,1.3
141,fenoarivo,75,MG,1566356101,87,-18.93,47.44,59.0,6.93
142,iqaluit,20,CA,1566356101,75,63.75,-68.52,42.8,10.25
143,nabire,10,ID,1566356101,50,-3.36,135.5,85.22,4.36
144,kerema,18,PG,1566356102,77,-7.96,145.78,77.3,11.25
145,caravelas,0,BR,1566356102,89,-17.73,-39.27,71.72,8.12
146,mookane,31,BW,1566356102,95,-23.68,26.66,51.2,6.67
147,valdosta,1,US,1566355881,83,30.83,-83.28,81.0,2.77
148,kendal,20,ID,1566356102,45,-6.92,110.2,86.0,13.87
149,tazmalt,40,DZ,1566356102,83,36.39,4.4,75.2,4.7
150,terrace,90,CA,1566356103,93,54.52,-128.61,59.0,4.7
151,kavaratti,90,IN,1566356103,83,10.57,72.64,80.6,4.7
152,suntar,94,RU,1566356103,79,62.16,117.65,62.0,4.21
153,tokat,40,TR,1566356103,93,40.33,36.55,54.0,3.36
154,kaitangata,2,NZ,1566356104,70,-46.28,169.85,51.01,14.0
155,pevek,100,RU,1566356104,81,69.7,170.27,44.72,4.92
156,antofagasta,90,CL,1566356104,76,-23.65,-70.4,55.4,5.82
157,victor harbor,75,AU,1566356104,82,-35.55,138.62,62.01,10.29
158,terra santa,67,BR,1566356105,58,-2.1,-56.49,81.8,2.55
159,krivodol,0,BA,1566356105,77,43.28,17.77,68.0,1.12
160,college,20,US,1566356105,46,64.86,-147.8,62.6,6.93
161,juneau,1,US,1566355972,41,58.3,-134.42,60.8,12.75
162,meulaboh,100,ID,1566356105,79,4.14,96.13,80.54,10.31
163,nome,1,US,1566356105,83,30.04,-94.42,84.0,3.36
164,linxia,100,CN,1566356106,76,35.6,103.21,54.62,1.05
165,belton,1,US,1566356106,55,31.06,-97.46,90.0,5.82
166,yorkton,1,CA,1566356106,58,51.21,-102.46,57.2,6.93
167,qaanaaq,85,GL,1566356106,91,77.48,-69.36,30.68,0.6
168,palana,0,RU,1566356106,89,59.08,159.95,53.9,11.99
169,general roca,75,AR,1566356107,100,-39.03,-67.58,41.0,11.41
170,lasa,20,CY,1566356107,83,34.92,32.53,73.4,6.93
171,santa isabel do rio negro,0,BR,1566356107,71,-0.41,-65.02,74.24,2.59
172,wahiawa,20,US,1566356107,58,21.5,-158.02,89.6,13.87
173,satun,40,TH,1566356107,74,6.62,100.07,86.0,5.82
174,mount gambier,75,AU,1566356108,93,-37.83,140.78,53.6,19.46
175,port elizabeth,75,US,1566356108,94,39.31,-74.98,79.0,3.36
176,stephenville,5,CA,1566356108,87,48.55,-58.59,60.8,13.29
177,hasaki,75,JP,1566356108,74,35.73,140.83,91.0,9.17
178,guerrero negro,0,MX,1566356108,81,27.97,-114.04,67.58,18.43
179,bodden town,0,KY,1566356108,83,19.28,-81.25,84.99,10.29
180,bluff,0,AU,1566356109,20,-23.58,149.07,71.9,5.75
181,souillac,0,FR,1566356109,72,45.6,-0.6,59.0,3.36
182,east london,0,ZA,1566356109,88,-33.02,27.91,48.86,3.47
183,maralal,68,KE,1566356109,83,1.1,36.7,58.94,9.4
184,mezen,100,RU,1566356109,91,65.85,44.24,55.16,4.54
185,ilabaya,0,PE,1566356110,89,-17.42,-70.51,45.26,1.59
186,aswan,0,EG,1566356110,30,24.09,32.9,86.0,5.82
187,denpasar,20,ID,1566355968,78,-8.65,115.22,80.6,12.75
188,faanui,33,PF,1566356110,83,-16.48,-151.75,80.0,17.58
189,kruisfontein,0,ZA,1566356110,89,-34.0,24.73,46.34,4.14
190,iquique,90,CL,1566356111,72,-20.22,-70.14,59.0,6.93
191,bowen,0,AU,1566356111,35,-20.01,148.25,77.0,14.99
192,berlevag,75,NO,1566356111,100,70.86,29.09,44.6,3.36
193,noumea,0,NC,1566356020,46,-22.28,166.46,73.4,12.75
194,saskylakh,100,RU,1566356111,76,71.97,114.09,48.32,9.75
195,kudahuvadhoo,56,MV,1566356112,72,2.67,72.89,82.7,7.4
196,lavrentiya,0,RU,1566356112,53,65.58,-170.99,52.46,8.95
197,kirensk,9,RU,1566356112,57,57.78,108.12,62.9,3.27
198,husavik,11,CA,1566356112,53,50.56,-96.99,57.99,9.69
199,sao filipe,20,CV,1566356112,87,14.9,-24.5,77.12,9.15
200,vitim,44,RU,1566356113,51,59.44,112.57,67.58,0.74
201,chicama,20,PE,1566356113,93,-7.84,-79.15,60.8,9.17
202,gheorghe lazar,0,RO,1566356113,44,44.63,27.45,67.22,6.51
203,mosetse,0,BW,1566356113,82,-20.64,26.64,55.16,14.45
204,torbay,75,CA,1566356114,93,47.66,-52.73,68.0,19.46
205,goure,100,NE,1566356114,67,13.98,10.27,78.92,8.97
206,nouakchott,20,MR,1566356114,83,18.08,-15.98,78.8,16.11
207,mayo,90,CA,1566356114,37,63.59,-135.9,53.6,2.24
208,roebourne,0,AU,1566356114,11,-20.77,117.15,79.1,25.68
209,cururupu,5,BR,1566356115,99,-1.82,-44.87,71.36,2.15
210,pizarro,100,CO,1566356115,85,4.95,-77.37,79.46,12.62
211,hamilton,75,CA,1566355901,83,43.26,-79.87,75.99,8.05
212,coihaique,0,CL,1566356115,52,-45.58,-72.07,46.4,17.22
213,chapais,90,CA,1566356115,88,49.78,-74.86,62.6,5.82
214,thompson,90,CA,1566356116,76,55.74,-97.86,53.6,5.82
215,telica,100,HN,1566356116,97,14.72,-86.14,67.58,1.7
216,arman,98,RU,1566356116,62,59.7,150.17,69.74,5.03
217,verkhovazhye,93,RU,1566356116,92,60.75,42.05,56.42,3.76
218,turukhansk,6,RU,1566356116,43,65.8,87.96,70.64,5.57
219,salinopolis,20,BR,1566355930,78,-0.61,-47.36,81.8,18.45
220,ancud,90,CL,1566356117,100,-41.87,-73.83,44.6,10.29
221,skara,8,SE,1566356117,100,58.38,13.44,55.4,5.82
222,dicabisagan,100,PH,1566356117,72,17.08,122.42,86.66,3.18
223,christchurch,17,NZ,1566355972,66,-43.53,172.64,55.4,9.17
224,avarua,10,CK,1566355963,83,-21.21,-159.78,78.8,5.82
225,taywarah,0,AF,1566356117,19,33.35,64.42,60.74,9.04
226,dunkirk,0,FR,1566356118,100,51.03,2.38,54.0,2.24
227,north bend,1,US,1566356118,68,43.41,-124.22,68.0,11.41
228,itarema,0,BR,1566356118,79,-2.92,-39.92,75.5,10.47
229,bubaque,100,GW,1566356118,84,11.28,-15.83,79.46,15.84
230,siguiri,61,GN,1566356118,97,11.42,-9.17,70.82,3.65
231,ginir,97,ET,1566356119,86,7.14,40.71,59.3,7.0
232,rabinal,70,GT,1566356119,95,15.08,-90.49,63.8,2.71
233,napier,100,NZ,1566356119,86,-39.49,176.92,52.0,4.0
234,okhotsk,1,RU,1566356119,63,59.36,143.24,67.22,8.14
235,mandalgovi,100,MN,1566356123,46,45.76,106.27,61.46,8.05
236,ponta delgada,75,PT,1566356124,94,37.73,-25.67,71.6,4.7
237,atikokan,0,CA,1566356124,67,48.76,-91.62,54.8,6.13
238,tandil,100,AR,1566356124,71,-37.33,-59.14,37.99,1.01
239,iwaki,75,JP,1566356124,94,37.05,140.89,84.0,4.7
240,kavieng,100,PG,1566356124,84,-2.57,150.8,80.18,16.24
241,trapani,0,IT,1566356125,78,38.02,12.54,81.0,3.36
242,dong hoi,100,VN,1566356125,59,17.48,106.6,86.66,3.96
243,bethel,1,US,1566356125,42,60.79,-161.76,64.4,13.87
244,vao,75,EE,1566356125,94,59.1,26.19,54.98,7.58
245,ipixuna,0,BR,1566356125,88,-1.76,-48.8,77.0,8.05
246,aquiraz,75,BR,1566356126,74,-3.9,-38.39,80.6,11.41
247,nanortalik,100,GL,1566356126,96,60.14,-45.24,39.14,2.82
248,provideniya,0,RU,1566356126,66,64.42,-173.23,50.0,6.71
249,uige,3,AO,1566356126,93,-7.61,15.06,63.26,1.25
250,neuquen,75,AR,1566356126,100,-38.95,-68.06,41.0,11.41
251,szczytno,100,PL,1566356127,89,53.57,20.99,58.58,11.21
252,diego de almagro,0,CL,1566356127,88,-26.39,-70.05,46.88,1.01
253,tokyo,75,JP,1566356105,70,35.68,139.76,91.0,6.93
254,vanimo,4,PG,1566356127,69,-2.67,141.3,82.88,9.8
255,chiredzi,19,ZW,1566356127,85,-21.05,31.67,54.98,3.11
256,yumen,100,CN,1566356127,37,40.29,97.04,66.86,7.7
257,cape coast,98,GH,1566356128,91,5.11,-1.24,74.06,6.76
258,mar del plata,0,AR,1566355935,91,-46.43,-67.52,36.44,15.59
259,viedma,84,AR,1566356128,71,-40.81,-62.99,38.24,8.55
260,bima,95,ID,1566356128,39,-8.45,118.73,89.54,5.39
261,campiglia marittima,0,IT,1566356128,77,43.06,10.62,75.99,4.7
262,pochutla,90,MX,1566356128,94,15.74,-96.47,77.0,11.41
263,linhares,38,BR,1566356129,95,-19.38,-40.06,68.48,2.37
264,touho,4,NC,1566356129,41,-20.78,165.23,74.96,1.61
265,labuhan,52,ID,1566356129,55,-2.54,115.51,85.58,0.4
266,zhetysay,0,KZ,1566356129,33,40.73,68.3,74.06,8.75
267,riyadh,0,SA,1566356129,24,24.63,46.72,78.8,2.33
268,puerto colombia,40,CO,1566356130,83,10.99,-74.96,84.2,11.41
269,samarai,97,PG,1566356130,83,-10.62,150.67,75.32,10.71
270,talakan,100,RU,1566356130,73,50.29,130.28,67.76,10.36
271,grand-lahou,100,CI,1566356130,94,5.24,-5.0,72.8,4.83
272,diebougou,82,BF,1566356130,97,10.97,-3.25,70.46,3.15
273,nouadhibou,0,MR,1566356131,69,20.93,-17.03,75.2,21.92
274,bintulu,75,MY,1566356131,78,3.17,113.03,82.4,4.7
275,san onofre,17,CO,1566356131,80,9.74,-75.52,83.42,7.74
276,opuwo,0,NA,1566356131,25,-18.06,13.84,54.98,6.6
277,san patricio,0,PY,1566356131,85,-26.98,-56.83,48.86,7.49
278,tuktoyaktuk,40,CA,1566356131,61,69.44,-133.03,48.2,10.29
279,green river,1,US,1566356132,12,41.53,-109.47,80.6,5.82
280,zhigansk,100,RU,1566356132,83,66.77,123.37,57.32,2.73
281,slave lake,1,CA,1566355998,64,55.28,-114.77,69.8,13.87
282,savannah bight,100,HN,1566356132,83,16.45,-85.85,83.6,24.36
283,ilhabela,100,BR,1566356132,89,-23.78,-45.36,66.32,19.08
284,pacific grove,1,US,1566356133,64,36.62,-121.92,70.0,10.29
285,komsomolskiy,100,RU,1566356133,77,67.55,63.78,55.52,9.44
286,mareeba,0,AU,1566356133,47,-16.99,145.42,80.01,20.8
287,sarkand,0,KZ,1566356133,22,45.41,79.91,79.46,1.9
288,radom,88,PL,1566356133,77,51.4,21.15,70.0,1.99
289,lata,0,IN,1566356134,66,30.78,78.62,46.52,4.61
290,saint marys,40,US,1566356134,88,41.43,-78.56,73.4,3.36
291,de aar,0,ZA,1566356047,34,-30.65,24.01,45.98,4.74
292,alyangula,40,AU,1566356134,41,-13.85,136.42,78.8,11.41
293,vagamo,0,NO,1566356134,88,61.88,9.1,37.16,7.81
294,tura,61,RU,1566356135,54,64.27,100.22,63.08,13.31
295,bathsheba,20,BB,1566356135,78,13.22,-59.52,80.6,6.93
296,guantanamo,13,BO,1566356135,49,-16.14,-62.05,67.58,6.69
297,nishihara,75,JP,1566356135,55,35.74,139.53,91.0,3.36
298,kargasok,41,RU,1566356135,85,59.06,80.87,59.48,1.59
299,grand gaube,75,MU,1566356135,78,-20.01,57.66,71.6,18.34
300,nichlaul,14,IN,1566356136,69,27.32,83.73,87.38,4.81
301,yulara,0,AU,1566356136,29,-25.24,130.99,62.6,18.34
302,bartica,40,GY,1566356136,94,6.41,-58.62,77.0,2.24
303,namatanai,100,PG,1566356136,80,-3.66,152.44,76.04,5.7
304,altay,95,CN,1566356136,50,47.83,88.13,58.22,5.97
305,ust-nera,0,RU,1566356137,33,64.57,143.24,68.66,3.0
306,baykit,100,RU,1566356137,50,61.68,96.39,62.18,8.1
307,longyearbyen,75,NO,1566356137,80,78.22,15.63,39.2,5.82
308,mildura,40,AU,1566356137,59,-34.18,142.16,63.0,12.75
309,tres picos,100,MX,1566356137,93,16.23,-93.58,69.56,1.97
310,nemuro,75,JP,1566356137,100,43.32,145.57,60.8,8.05
311,port-gentil,100,GA,1566356138,84,-0.72,8.78,75.5,13.04
312,sitka,16,US,1566356138,34,37.17,-99.65,84.0,13.0
313,karczew,75,PL,1566356138,93,52.08,21.25,68.0,13.87
314,lagunas,47,PE,1566356138,76,-5.23,-75.68,76.76,2.42
315,boo,100,NG,1566356138,96,7.44,8.9,72.62,3.83
316,atar,0,MR,1566356139,39,20.52,-13.05,83.96,9.24
317,portland,1,US,1566356091,72,43.66,-70.25,66.99,3.85
318,svetlaya,100,RU,1566356139,99,46.54,138.33,56.96,3.06
319,beringovskiy,0,RU,1566356139,46,63.05,179.32,55.16,8.63
320,shubarshi,0,KZ,1566356139,23,48.59,57.19,83.42,7.49
321,batagay,93,RU,1566356140,50,67.65,134.64,69.02,3.8
322,san quintin,100,PH,1566356140,71,17.54,120.52,85.04,8.79
323,mount isa,0,AU,1566356140,13,-20.73,139.49,71.6,13.87
324,dengzhou,100,CN,1566356140,98,32.69,112.08,74.96,3.87
325,kodinsk,100,RU,1566356140,53,58.6,99.18,66.5,6.98
326,mahebourg,75,MU,1566356141,78,-20.41,57.7,71.6,18.34
327,fengrun,0,CN,1566356141,47,39.83,118.12,78.2,10.51
328,copiapo,0,CL,1566355912,81,-27.37,-70.33,53.6,3.36
329,nayagarh,100,IN,1566356141,71,20.13,85.1,85.22,2.86
330,shieli,61,KZ,1566356142,33,44.18,66.74,80.36,12.95
331,bridlington,90,GB,1566356142,93,54.08,-0.19,55.4,6.93
332,adrar,0,DZ,1566356142,10,27.87,-0.29,87.8,16.11
333,coahuayana,91,MX,1566356142,86,18.62,-100.35,74.6,0.98
334,jalu,0,LY,1566356142,61,29.03,21.55,72.44,5.93
335,cabrobo,0,BR,1566356143,71,-8.51,-39.31,71.36,19.15
336,la ronge,20,CA,1566356143,62,55.1,-105.3,57.2,6.93
337,sola,84,TZ,1566356143,57,-3.17,33.8,64.7,7.58
338,calbuco,75,CL,1566356143,87,-41.77,-73.13,48.2,12.75
339,sirjan,0,IR,1566356143,15,29.44,55.67,65.96,13.13
340,stirling,90,GB,1566356143,100,56.12,-3.94,57.0,4.7
341,voznesenye,39,RU,1566356144,83,61.02,35.48,52.46,4.54
342,mehamn,75,NO,1566356144,100,71.03,27.85,44.6,3.36
343,langsa,100,ID,1566356117,89,4.47,97.97,73.52,2.55
344,kumano,75,JP,1566356144,74,34.34,132.59,88.0,6.93
345,shakiso,98,ET,1566356144,98,5.77,38.9,53.18,0.51
346,saint-louis,20,SN,1566356144,88,16.03,-16.5,80.6,6.93
347,mujiayingzi,0,CN,1566356145,40,42.12,118.78,68.3,10.85
348,pouebo,53,NC,1566356145,53,-20.4,164.57,71.18,3.04
349,swift current,1,CA,1566356145,51,50.29,-107.8,62.6,5.82
350,carnarvon,0,ZA,1566356145,29,-30.97,22.13,48.32,5.73
351,sfantu gheorghe,0,RO,1566356145,77,44.65,26.83,68.0,6.93
352,chuy,82,UY,1566356146,77,-33.69,-53.46,44.18,10.09
353,kahului,40,US,1566355986,62,20.89,-156.47,86.0,23.04
354,tromso,90,NO,1566356146,93,69.65,18.96,48.2,11.41
355,deputatskiy,0,RU,1566356146,39,69.3,139.9,68.48,7.36
356,tabuk,100,PH,1566356146,65,17.41,121.44,78.56,5.97
357,faya,0,SA,1566356146,63,18.39,42.45,68.0,4.68
358,hoquiam,90,US,1566356147,72,46.98,-123.89,66.99,9.17
359,dire,75,ET,1566356147,82,9.18,38.92,57.2,5.82
360,tsalka,0,GE,1566356147,44,41.6,44.09,53.54,3.94
361,morehead,1,US,1566356147,83,38.18,-83.43,73.4,5.82
362,chornoliztsi,0,UA,1566356147,100,48.84,24.89,66.0,4.88
363,pitmoaga,75,BF,1566356148,88,12.24,-1.88,75.2,7.29
364,bonham,1,US,1566356148,58,33.58,-96.18,91.4,4.7
365,saurimo,0,AO,1566356148,27,-9.66,20.4,59.3,6.29
366,goicea,0,RO,1566356148,72,43.92,23.62,68.0,4.7
367,comodoro rivadavia,40,AR,1566356148,75,-45.87,-67.48,41.0,10.29
368,nagar karnul,100,IN,1566356149,79,16.48,78.32,79.46,7.96
369,atherton,0,AU,1566356149,47,-17.27,145.48,80.01,20.8
370,bijar,0,IR,1566356149,37,35.87,47.6,60.2,5.01
371,honiara,75,SB,1566356149,74,-9.43,159.96,86.0,6.93
372,manassas park,40,US,1566356150,88,38.78,-77.47,73.99,6.96
373,krasnoarmeysk,40,RU,1566356150,100,56.12,38.15,68.0,2.24
374,rognan,75,NO,1566356150,87,67.1,15.4,55.99,3.36
375,mwene-ditu,4,CD,1566356150,28,-7.01,23.45,63.8,4.7
376,san ramon,100,NI,1566356150,96,12.92,-85.84,68.12,3.18
377,voyvozh,100,RU,1566356151,85,62.89,54.96,56.96,5.75
378,sajanan,20,TN,1566356151,88,37.06,9.24,77.0,4.7
379,karangampel,0,ID,1566356151,36,-6.46,108.44,92.06,11.03
380,virginia beach,1,US,1566356017,100,36.85,-75.98,78.8,8.72
381,chunoyar,100,RU,1566356151,46,57.45,97.32,69.92,3.83
382,durango,75,MX,1566356151,31,24.02,-104.67,75.2,3.36
383,uray,0,RU,1566356152,69,60.13,64.8,57.32,5.68
384,bagdarin,100,RU,1566356152,79,54.44,113.59,50.84,3.76
385,zhigalovo,0,RU,1566356152,44,54.81,105.15,68.84,1.5
386,saint-francois,90,FR,1566356152,93,46.42,3.91,48.2,2.91
387,chalus,0,IR,1566356152,68,36.66,51.42,69.8,7.11
388,lorengau,77,PG,1566356153,70,-2.02,147.27,83.96,11.18
389,portree,79,GB,1566356153,95,57.41,-6.19,55.0,7.0
390,kampene,64,CD,1566356153,87,-3.59,26.67,69.2,1.14
391,jiuquan,100,CN,1566356153,47,39.73,98.49,60.92,4.88
392,muhos,0,FI,1566356153,93,64.81,26.0,53.01,6.93
393,sinnamary,32,GF,1566356154,78,5.38,-52.96,81.62,13.2
394,kutum,81,SD,1566356154,72,14.2,24.66,72.98,7.78
395,blessington,75,IE,1566356154,87,53.17,-6.53,55.99,5.82
396,kaabong,89,UG,1566356154,76,3.51,34.14,63.98,2.3
397,talnakh,90,RU,1566356154,100,69.49,88.39,50.0,8.95
398,tilichiki,100,RU,1566356155,87,60.47,166.1,53.36,7.58
399,ismailia,0,EG,1566356155,92,30.6,32.27,69.2,2.86
400,oranjestad,20,AW,1566355949,74,12.52,-70.03,84.2,21.92
401,abu kamal,0,SY,1566356155,56,34.45,40.92,74.06,16.69
402,vicente guerrero,40,MX,1566356155,64,16.93,-96.7,69.8,3.49
403,jacareacanga,79,BR,1566356156,43,-6.22,-57.76,77.84,1.21
404,le port,72,FR,1566356156,69,42.87,1.37,57.0,5.01
405,erzin,0,TR,1566356156,83,36.95,36.2,72.0,4.7
406,tomatlan,100,MX,1566356156,82,19.93,-105.25,82.52,9.82
407,grindavik,75,IS,1566356156,71,63.84,-22.43,53.6,18.34
408,cabedelo,20,BR,1566356156,94,-6.97,-34.84,69.8,4.7
409,koslan,100,RU,1566356157,99,63.46,48.9,58.58,3.89
410,bandarbeyla,0,SO,1566356157,58,9.49,50.81,78.38,25.12
411,bacolod,100,PH,1566356157,81,10.68,122.95,80.18,13.98
412,padang,100,ID,1566356157,81,-0.92,100.36,80.72,13.82
413,ilam,0,IR,1566356157,28,33.64,46.42,73.4,6.93
414,baculin,91,PH,1566356158,81,7.45,126.58,78.92,3.15
415,saint anthony,1,US,1566356158,25,43.97,-111.68,84.2,5.86
416,pangkalanbuun,26,ID,1566356158,54,-2.68,111.62,87.92,5.35
417,ketchikan,90,US,1566356106,93,55.34,-131.65,60.8,28.86
418,owo,89,NG,1566356158,99,7.2,5.59,70.64,2.8
419,burnie,91,AU,1566356158,60,-41.05,145.91,50.0,14.0
420,prokopyevsk,100,RU,1566356159,81,53.89,86.74,58.4,10.09
421,rosarito,75,CO,1566356159,53,4.91,-75.23,77.0,3.36
422,florida,0,UY,1566356159,91,-34.1,-56.21,34.64,5.12
423,koygorodok,43,RU,1566356159,97,60.44,51.01,59.48,1.16
424,am timan,100,TD,1566356159,97,11.04,20.28,70.46,3.49
425,kloulklubed,75,PW,1566356160,74,7.04,134.26,84.2,14.99
426,palau,0,ES,1566356160,67,42.18,2.97,72.0,5.82
427,solnechnyy,100,RU,1566356160,98,50.72,136.64,54.08,3.22
428,zaltan,0,LY,1566356160,74,32.95,11.87,76.4,7.61
429,port augusta,40,AU,1566356160,63,-32.49,137.76,62.6,11.41
430,fort nelson,90,CA,1566356161,100,58.81,-122.69,48.2,2.24
431,kichmengskiy gorodok,100,RU,1566356161,99,59.99,45.81,61.1,1.97
432,beloha,9,MG,1566356161,89,-25.17,45.06,61.1,7.52
433,san nicolas,90,PH,1566356161,88,13.93,120.95,86.0,9.17
434,wana,0,PK,1566356162,55,32.31,69.59,63.44,1.9
435,malkangiri,99,IN,1566356012,84,18.35,81.9,80.54,1.54
436,mantua,0,IT,1566356162,88,45.16,10.79,75.2,2.24
437,port macquarie,0,AU,1566356027,26,-31.43,152.91,78.01,8.05
438,kropotkin,63,RU,1566356162,53,45.43,40.58,72.0,6.31
439,salinas,1,US,1566356162,72,36.67,-121.66,70.0,4.7
440,viet tri,75,VN,1566356162,94,21.3,105.43,80.6,3.36
441,sandviken,0,SE,1566356163,90,60.62,16.77,52.0,4.0
442,kasongo-lunda,100,CD,1566356163,80,-6.48,16.82,67.4,2.59
443,cabra,0,ES,1566356163,40,37.47,-4.43,71.6,3.36
444,vestmannaeyjar,100,IS,1566356163,81,63.44,-20.27,51.92,29.91
445,sherlovaya gora,100,RU,1566356163,91,50.53,116.31,52.82,20.07
446,shimoda,75,JP,1566356164,74,34.7,138.93,86.0,10.29
447,vanavara,0,RU,1566356164,62,60.35,102.28,62.0,6.51
448,ferrol,100,ES,1566356164,93,43.48,-8.23,66.99,1.12
449,san cristobal,100,HN,1566356164,90,14.68,-86.92,68.84,6.06
450,manoel urbano,6,BR,1566356164,91,-8.84,-69.26,71.18,4.47
451,kassala,32,SD,1566356165,78,15.45,36.38,79.1,5.73
452,fairbanks,20,US,1566356165,46,64.84,-147.72,62.6,6.93
453,belyy yar,0,RU,1566356165,68,53.6,91.39,64.4,2.24
454,glendive,90,US,1566356165,72,47.11,-104.71,69.8,5.82
455,muisne,88,EC,1566356165,86,0.61,-80.02,72.98,11.61
456,modasa,50,IN,1566356166,75,23.47,73.3,81.98,10.76
457,thunder bay,40,CA,1566356166,100,48.41,-89.26,57.99,4.7
458,eenhana,0,NA,1566356166,29,-17.48,16.34,55.16,8.46
459,soe,0,EE,1566356166,93,57.91,26.05,52.0,3.11
460,margate,20,AU,1566356166,57,-43.03,147.26,50.0,23.04
461,bilma,98,NE,1566356167,74,18.69,12.92,77.66,13.4
462,concordia,9,AR,1566356167,86,-31.4,-58.02,46.0,5.99
463,grand bank,0,CA,1566356167,86,47.1,-55.77,63.44,15.19
464,nantucket,1,US,1566356167,93,41.28,-70.1,73.4,4.7
465,gimli,31,CA,1566356167,53,50.63,-96.99,57.99,9.35
466,saint pete beach,90,US,1566356168,83,27.73,-82.74,81.0,3.36
467,ust-kuyga,58,RU,1566356168,52,70.0,135.55,65.42,12.01
468,krasnaya gora,77,RU,1566356168,93,53.01,31.6,64.4,4.47
469,marawi,81,PH,1566356168,71,8.0,124.29,82.99,5.01
470,surgut,90,RU,1566356168,100,61.25,73.4,57.2,8.95
471,pangnirtung,0,CA,1566356169,62,66.15,-65.72,42.92,1.97
472,gao,96,ML,1566356169,45,16.28,-0.04,88.1,13.67
473,vila,0,IT,1566356169,68,45.18,8.4,72.0,10.29
474,mongoumba,66,CD,1566356169,96,3.64,18.59,68.48,1.88
475,najran,0,SA,1566356169,25,17.54,44.22,75.2,2.24
476,calama,0,CL,1566356170,10,-22.46,-68.93,46.4,10.29
477,kulhudhuffushi,63,MV,1566356170,81,6.62,73.07,81.62,10.54
478,abu samrah,0,SY,1566356170,90,35.3,37.18,67.04,7.94
479,manutuke,100,NZ,1566356170,86,-38.68,177.91,52.0,4.0
480,kirundo,92,BI,1566356170,49,-2.59,30.09,69.01,1.88
481,chokurdakh,77,RU,1566356171,55,70.62,147.9,62.54,11.01
482,dembi dolo,76,ET,1566356171,74,8.53,34.8,67.76,3.11
483,conakry,100,GN,1566356171,88,9.52,-13.7,77.3,15.48
484,nelson,100,CA,1566356171,48,49.49,-117.29,62.54,2.42
485,hervey bay,0,AU,1566356171,16,-25.3,152.85,77.0,12.75
486,carutapera,0,BR,1566356172,82,-1.2,-46.02,78.02,6.29
487,katobu,80,ID,1566356172,48,-4.94,122.53,86.48,9.98
488,belaya gora,0,RU,1566356172,29,68.54,146.19,76.76,6.08
489,pauini,100,BR,1566356172,97,-7.71,-67.0,68.84,1.05
490,miraflores,0,PE,1566356172,16,-16.39,-71.52,53.6,9.17
491,chumikan,100,RU,1566356172,95,54.72,135.31,50.84,4.5
492,pontianak,20,ID,1566356173,78,-0.02,109.34,82.4,7.02
493,bonfim,1,GY,1566356173,79,3.36,-59.84,76.94,6.6
494,sokna,0,NO,1566356173,93,60.24,9.92,54.0,4.43
495,gat,20,SN,1566356173,88,14.69,-16.54,78.8,8.05
496,rock sound,100,BS,1566356173,63,24.9,-76.2,84.5,10.65
497,karpathos,20,GR,1566356174,83,35.51,27.21,73.4,21.92
498,nieuw amsterdam,20,SR,1566356174,88,5.88,-55.08,77.0,2.24
499,dhupgari,75,IN,1566356174,88,26.59,89.01,80.6,2.24
500,araxa,0,BR,1566356174,73,-19.59,-46.94,62.0,1.05
501,hami,65,CN,1566356174,18,42.84,93.51,81.26,12.95
502,bongandanga,50,CD,1566356175,99,1.51,21.07,69.2,2.37
503,shakawe,0,BW,1566356175,34,-18.36,21.84,53.36,5.32
504,weinan,90,CN,1566356175,94,34.5,109.46,71.6,4.47
505,garowe,20,SO,1566356175,64,8.41,48.48,74.78,25.59
506,la paz,5,MX,1566356175,31,24.15,-110.32,91.4,11.41
507,lewiston,1,US,1566356176,72,44.1,-70.21,66.99,3.85
508,maisach,100,DE,1566356176,100,48.22,11.26,55.99,2.24
509,coquimbo,90,CL,1566355878,93,-29.95,-71.34,51.8,3.36
510,okha,98,RU,1566356176,82,53.59,142.95,56.06,12.84
511,fomboni,100,KM,1566356177,80,-12.28,43.74,76.76,23.96
512,malatya,75,TR,1566356177,82,38.35,38.32,59.0,5.82
513,fagersta,0,SE,1566356177,93,60.0,15.79,55.4,5.82
514,pryyutivka,0,UA,1566356177,71,48.72,33.07,65.24,5.08
515,broken hill,0,AU,1566356177,45,-31.97,141.45,62.6,12.75
516,maniitsoq,100,GL,1566356177,86,65.42,-52.9,43.28,11.05
517,staryy nadym,0,RU,1566356178,68,65.61,72.68,56.78,6.24
518,morondava,0,MG,1566356178,77,-20.3,44.28,69.74,16.49
519,batticaloa,100,LK,1566356178,59,7.71,81.69,84.86,3.76
520,clyde river,75,CA,1566356178,93,70.47,-68.59,41.0,9.17
521,wasco,1,US,1566355890,31,35.59,-119.34,91.4,8.05
522,namibe,0,AO,1566356179,87,-15.19,12.15,65.96,4.34
523,nogliki,95,RU,1566356179,81,51.8,143.14,54.8,14.41
524,ahuimanu,20,US,1566356179,46,21.44,-157.84,89.6,14.99
525,pervomayskiy,0,RU,1566356179,83,53.24,40.29,62.9,2.84
526,pitea,18,SE,1566356179,100,65.32,21.48,53.6,4.03
527,akot,85,IN,1566356179,76,21.09,77.05,80.72,11.01
528,glotovka,4,RU,1566356180,95,53.95,46.7,59.84,5.03
529,los llanos de aridane,90,ES,1566356180,88,28.66,-17.92,71.6,14.99
530,topchikha,40,RU,1566356180,67,52.82,83.12,59.0,8.95
531,usinsk,100,RU,1566356180,77,66.0,57.56,54.98,10.13
532,levin,81,NZ,1566356180,69,-40.62,175.28,55.0,8.01
533,luena,0,AO,1566356181,41,-11.78,19.91,49.94,3.42
534,ngunguru,7,NZ,1566356181,58,-35.62,174.5,58.4,14.14
535,maragogi,39,BR,1566356181,93,-9.01,-35.22,65.96,2.93
536,barmer,0,IN,1566356181,60,25.74,71.4,82.34,15.21
537,aksu,0,KZ,1566356181,55,52.04,76.93,62.6,2.24
538,pangody,0,RU,1566356182,67,65.85,74.49,57.14,7.76
539,sidi ali,0,DZ,1566356182,85,36.1,0.42,76.94,9.48
540,tutoia,0,BR,1566356182,87,-2.76,-42.27,74.06,6.53
541,truth or consequences,1,US,1566356182,28,33.13,-107.25,86.0,10.29
542,moron,100,HT,1566356182,81,18.56,-74.26,81.98,6.44
543,ampanihy,48,MG,1566356183,78,-24.69,44.75,62.54,9.37
544,pampa,1,US,1566356183,39,35.54,-100.96,91.4,8.05
545,codrington,0,AU,1566356183,22,-28.95,153.24,75.99,10.29
546,yarkovo,90,RU,1566356183,87,54.81,82.6,55.4,2.24
547,praya,20,ID,1566356183,51,-8.71,116.27,86.0,8.05
548,enderby,1,CA,1566356184,39,50.55,-119.14,82.4,3.36
549,rabaul,100,PG,1566356184,80,-4.2,152.17,77.84,6.82
550,bosaso,0,SO,1566356184,75,11.28,49.18,84.32,4.27
551,lukaya,100,UG,1566356184,69,-0.15,31.87,67.94,4.27
552,ximei,75,TW,1566356184,74,23.74,120.51,86.0,4.7
